hist_0,hist_1,hist_2,hist_3,hist_4,hist_5,hist_6,hist_7,hist_8,hist_9,hist_10,hist_11,hist_12,hist_13,hist_14,hist_15,hist_16,hist_17,hist_18,hist_19,hist_20,hist_21,hist_22,hist_23,hist_24,hist_25,hist_26,hist_27,hist_28,hist_29,hist_30,hist_31,hist_32,hist_33,hist_34,hist_35,hist_36,hist_37,hist_38,hist_39,hist_40,hist_41,hist_42,hist_43,hist_44,hist_45,hist_46,hist_47,animal
0.0,0.0,1.0,5.0,18.0,18.0,37.0,59.0,70.0,94.0,127.0,167.0,243.0,315.0,1044.0,1898.0,1.0,2.0,13.0,27.0,39.0,62.0,89.0,84.0,128.0,155.0,190.0,242.0,226.0,136.0,967.0,1735.0,8.0,25.0,42.0,73.0,91.0,110.0,119.0,163.0,169.0,166.0,210.0,123.0,81.0,98.0,920.0,1698.0,cat
8.0,115.0,202.0,344.0,263.0,227.0,149.0,88.0,31.0,33.0,19.0,21.0,25.0,28.0,964.0,1579.0,8.0,115.0,216.0,349.0,259.0,219.0,154.0,81.0,28.0,31.0,20.0,21.0,25.0,26.0,963.0,1581.0,6.0,97.0,196.0,289.0,294.0,233.0,168.0,104.0,35.0,36.0,19.0,24.0,20.0,30.0,950.0,1595.0,cat
436.0,206.0,193.0,108.0,69.0,53.0,28.0,16.0,11.0,13.0,17.0,19.0,13.0,21.0,24.0,2869.0,497.0,213.0,165.0,96.0,70.0,31.0,27.0,13.0,12.0,13.0,15.0,19.0,20.0,16.0,28.0,2861.0,523.0,206.0,160.0,88.0,69.0,29.0,24.0,14.0,14.0,11.0,16.0,17.0,20.0,18.0,25.0,2862.0,cat
2.0,18.0,27.0,39.0,55.0,81.0,106.0,142.0,160.0,100.0,98.0,61.0,80.0,68.0,46.0,3013.0,18.0,31.0,43.0,64.0,105.0,120.0,155.0,133.0,96.0,79.0,66.0,64.0,57.0,35.0,46.0,2984.0,40.0,50.0,75.0,108.0,137.0,161.0,125.0,89.0,71.0,67.0,58.0,50.0,30.0,30.0,57.0,2948.0,cat
14.0,25.0,32.0,64.0,118.0,173.0,200.0,189.0,154.0,145.0,102.0,96.0,60.0,37.0,34.0,2653.0,22.0,22.0,52.0,76.0,145.0,215.0,192.0,173.0,141.0,131.0,86.0,69.0,54.0,36.0,37.0,2645.0,26.0,21.0,54.0,100.0,146.0,223.0,185.0,179.0,133.0,121.0,74.0,72.0,50.0,34.0,38.0,2640.0,cat
5.0,31.0,21.0,28.0,30.0,47.0,66.0,80.0,49.0,79.0,101.0,138.0,178.0,248.0,223.0,2772.0,12.0,36.0,38.0,38.0,67.0,75.0,64.0,61.0,76.0,100.0,109.0,139.0,153.0,260.0,171.0,2697.0,38.0,54.0,51.0,80.0,71.0,72.0,71.0,76.0,96.0,102.0,125.0,130.0,156.0,230.0,113.0,2631.0,cat
0.0,2.0,21.0,24.0,42.0,52.0,67.0,66.0,86.0,84.0,97.0,41.0,32.0,27.0,682.0,2773.0,0.0,16.0,28.0,50.0,74.0,80.0,86.0,100.0,79.0,43.0,32.0,25.0,17.0,30.0,705.0,2731.0,1.0,22.0,41.0,89.0,85.0,104.0,106.0,67.0,32.0,33.0,23.0,18.0,22.0,29.0,742.0,2682.0,cat
0.0,1.0,1.0,1.0,3.0,1.0,1.0,2.0,5.0,19.0,41.0,187.0,640.0,555.0,900.0,1739.0,0.0,1.0,1.0,1.0,3.0,1.0,2.0,3.0,8.0,22.0,85.0,252.0,629.0,510.0,858.0,1720.0,0.0,1.0,1.0,1.0,2.0,2.0,2.0,4.0,9.0,30.0,102.0,284.0,612.0,478.0,838.0,1730.0,cat
11.0,7.0,11.0,8.0,24.0,42.0,38.0,54.0,107.0,129.0,174.0,247.0,255.0,146.0,75.0,2768.0,17.0,14.0,25.0,42.0,51.0,91.0,125.0,171.0,203.0,252.0,166.0,80.0,52.0,43.0,31.0,2733.0,31.0,38.0,62.0,89.0,140.0,188.0,210.0,211.0,134.0,76.0,60.0,40.0,42.0,25.0,58.0,2692.0,cat
0.0,1.0,2.0,5.0,7.0,15.0,42.0,59.0,110.0,139.0,199.0,202.0,172.0,157.0,166.0,2820.0,3.0,9.0,25.0,42.0,87.0,109.0,147.0,159.0,140.0,126.0,117.0,123.0,137.0,103.0,63.0,2706.0,56.0,76.0,115.0,162.0,181.0,137.0,136.0,99.0,118.0,98.0,70.0,61.0,41.0,49.0,106.0,2591.0,cat
0.0,7.0,8.0,18.0,56.0,72.0,90.0,161.0,196.0,174.0,150.0,134.0,142.0,167.0,187.0,2534.0,18.0,49.0,63.0,97.0,149.0,173.0,163.0,143.0,152.0,137.0,152.0,139.0,132.0,109.0,82.0,2338.0,119.0,110.0,164.0,182.0,145.0,169.0,183.0,150.0,154.0,120.0,87.0,69.0,54.0,56.0,174.0,2160.0,dog
0.0,2.0,12.0,8.0,8.0,15.0,31.0,46.0,84.0,87.0,132.0,261.0,352.0,334.0,337.0,2387.0,3.0,7.0,11.0,8.0,18.0,32.0,59.0,77.0,92.0,160.0,254.0,298.0,313.0,206.0,257.0,2301.0,6.0,10.0,9.0,11.0,28.0,46.0,74.0,105.0,136.0,224.0,267.0,287.0,226.0,151.0,398.0,2118.0,dog
8.0,28.0,55.0,64.0,56.0,74.0,106.0,105.0,98.0,101.0,125.0,226.0,283.0,290.0,587.0,1890.0,30.0,54.0,58.0,62.0,80.0,112.0,110.0,115.0,118.0,306.0,256.0,287.0,201.0,127.0,510.0,1670.0,57.0,55.0,65.0,69.0,106.0,131.0,197.0,241.0,281.0,262.0,227.0,121.0,100.0,93.0,586.0,1505.0,dog
2.0,8.0,31.0,54.0,99.0,99.0,123.0,164.0,235.0,225.0,255.0,269.0,352.0,221.0,163.0,1796.0,28.0,62.0,123.0,118.0,156.0,148.0,223.0,215.0,211.0,191.0,213.0,235.0,233.0,96.0,134.0,1710.0,91.0,127.0,158.0,162.0,175.0,196.0,205.0,184.0,177.0,211.0,203.0,246.0,100.0,110.0,152.0,1599.0,dog
1.0,2.0,3.0,19.0,30.0,60.0,91.0,117.0,102.0,132.0,125.0,115.0,143.0,125.0,69.0,2962.0,8.0,18.0,39.0,66.0,96.0,105.0,146.0,138.0,107.0,141.0,120.0,79.0,54.0,30.0,61.0,2888.0,45.0,64.0,100.0,126.0,133.0,146.0,142.0,121.0,93.0,73.0,45.0,27.0,35.0,39.0,152.0,2755.0,dog
11.0,24.0,25.0,45.0,79.0,91.0,126.0,198.0,313.0,345.0,311.0,291.0,193.0,143.0,123.0,1778.0,34.0,42.0,94.0,218.0,232.0,313.0,331.0,235.0,248.0,166.0,137.0,80.0,78.0,100.0,126.0,1662.0,161.0,251.0,301.0,348.0,247.0,244.0,188.0,145.0,105.0,87.0,65.0,82.0,75.0,121.0,134.0,1542.0,dog
6.0,23.0,27.0,32.0,45.0,41.0,68.0,96.0,129.0,183.0,204.0,212.0,224.0,161.0,69.0,2576.0,8.0,21.0,28.0,32.0,46.0,37.0,73.0,97.0,127.0,185.0,209.0,220.0,236.0,141.0,60.0,2576.0,9.0,24.0,25.0,33.0,47.0,41.0,65.0,102.0,127.0,195.0,213.0,229.0,245.0,107.0,58.0,2576.0,dog
0.0,5.0,19.0,14.0,32.0,64.0,78.0,99.0,138.0,133.0,137.0,189.0,231.0,206.0,156.0,2595.0,15.0,14.0,25.0,47.0,78.0,101.0,95.0,128.0,132.0,123.0,132.0,209.0,161.0,178.0,127.0,2531.0,37.0,41.0,68.0,101.0,98.0,129.0,121.0,124.0,128.0,134.0,153.0,137.0,151.0,108.0,129.0,2437.0,dog
0.0,0.0,3.0,7.0,11.0,24.0,26.0,76.0,132.0,201.0,304.0,375.0,245.0,191.0,196.0,2305.0,5.0,4.0,41.0,76.0,125.0,208.0,376.0,246.0,155.0,174.0,152.0,136.0,122.0,70.0,65.0,2141.0,181.0,190.0,348.0,237.0,171.0,136.0,126.0,125.0,120.0,113.0,82.0,48.0,36.0,48.0,191.0,1944.0,dog
0.0,4.0,4.0,11.0,6.0,18.0,37.0,67.0,112.0,182.0,247.0,287.0,345.0,404.0,1085.0,1287.0,3.0,4.0,10.0,5.0,13.0,27.0,54.0,97.0,157.0,177.0,254.0,314.0,317.0,300.0,1093.0,1271.0,4.0,5.0,11.0,12.0,22.0,46.0,81.0,127.0,178.0,213.0,255.0,272.0,277.0,237.0,1107.0,1249.0,dog
12.0,68.0,164.0,191.0,160.0,167.0,163.0,190.0,168.0,198.0,204.0,173.0,165.0,104.0,97.0,1872.0,18.0,106.0,210.0,240.0,237.0,263.0,254.0,210.0,193.0,152.0,81.0,65.0,61.0,71.0,85.0,1850.0,23.0,121.0,258.0,302.0,367.0,261.0,234.0,175.0,126.0,70.0,54.0,47.0,59.0,68.0,110.0,1821.0,horse
162.0,182.0,178.0,219.0,181.0,158.0,108.0,90.0,65.0,33.0,30.0,28.0,32.0,42.0,87.0,2501.0,441.0,299.0,234.0,157.0,98.0,55.0,24.0,31.0,27.0,24.0,33.0,29.0,30.0,44.0,86.0,2484.0,726.0,272.0,166.0,70.0,33.0,23.0,26.0,33.0,26.0,25.0,28.0,31.0,32.0,42.0,133.0,2430.0,horse
54.0,52.0,49.0,64.0,65.0,71.0,83.0,95.0,87.0,80.0,85.0,89.0,95.0,112.0,301.0,2714.0,104.0,71.0,95.0,94.0,98.0,94.0,83.0,76.0,81.0,74.0,100.0,85.0,66.0,66.0,264.0,2645.0,177.0,117.0,105.0,109.0,109.0,78.0,75.0,87.0,80.0,61.0,41.0,49.0,69.0,80.0,401.0,2458.0,horse
39.0,61.0,83.0,74.0,89.0,123.0,133.0,129.0,216.0,224.0,239.0,188.0,107.0,153.0,787.0,1451.0,181.0,192.0,313.0,322.0,289.0,175.0,110.0,52.0,35.0,29.0,24.0,34.0,50.0,120.0,854.0,1316.0,309.0,425.0,435.0,264.0,106.0,50.0,32.0,29.0,26.0,29.0,28.0,36.0,52.0,152.0,832.0,1291.0,horse
0.0,0.0,0.0,4.0,12.0,33.0,58.0,141.0,204.0,198.0,118.0,94.0,98.0,127.0,178.0,2831.0,0.0,0.0,0.0,4.0,24.0,43.0,106.0,169.0,169.0,182.0,103.0,90.0,92.0,141.0,204.0,2769.0,0.0,0.0,2.0,11.0,33.0,75.0,160.0,161.0,179.0,119.0,97.0,81.0,113.0,156.0,228.0,2681.0,horse
123.0,344.0,307.0,264.0,233.0,168.0,108.0,71.0,43.0,32.0,26.0,43.0,29.0,47.0,85.0,2173.0,124.0,349.0,302.0,265.0,228.0,168.0,112.0,70.0,41.0,34.0,27.0,42.0,29.0,47.0,84.0,2174.0,166.0,360.0,300.0,250.0,225.0,155.0,108.0,61.0,40.0,32.0,31.0,38.0,36.0,47.0,101.0,2146.0,horse
0.0,1.0,16.0,37.0,85.0,103.0,107.0,97.0,70.0,52.0,47.0,53.0,36.0,50.0,161.0,3181.0,2.0,24.0,80.0,105.0,146.0,93.0,71.0,35.0,40.0,36.0,37.0,40.0,35.0,41.0,197.0,3114.0,33.0,95.0,125.0,110.0,70.0,75.0,49.0,33.0,32.0,28.0,51.0,24.0,37.0,62.0,277.0,2995.0,horse
36.0,38.0,35.0,34.0,69.0,50.0,54.0,50.0,68.0,60.0,51.0,58.0,81.0,74.0,559.0,2779.0,62.0,59.0,84.0,65.0,75.0,61.0,49.0,51.0,62.0,64.0,55.0,58.0,43.0,43.0,553.0,2712.0,140.0,93.0,84.0,59.0,70.0,55.0,63.0,49.0,66.0,36.0,26.0,23.0,43.0,66.0,610.0,2613.0,horse
0.0,1.0,4.0,6.0,14.0,35.0,69.0,106.0,98.0,134.0,174.0,180.0,196.0,151.0,82.0,2846.0,4.0,11.0,43.0,90.0,101.0,105.0,153.0,182.0,192.0,127.0,87.0,54.0,49.0,52.0,90.0,2756.0,80.0,108.0,117.0,152.0,183.0,151.0,123.0,79.0,68.0,53.0,44.0,45.0,52.0,86.0,229.0,2526.0,horse
28.0,44.0,53.0,135.0,141.0,161.0,163.0,161.0,113.0,52.0,64.0,38.0,37.0,57.0,654.0,2195.0,75.0,98.0,190.0,205.0,184.0,128.0,86.0,57.0,36.0,41.0,48.0,36.0,50.0,63.0,689.0,2110.0,126.0,197.0,222.0,185.0,118.0,90.0,64.0,42.0,29.0,40.0,49.0,40.0,45.0,83.0,801.0,1965.0,horse
3.0,24.0,37.0,58.0,115.0,121.0,85.0,117.0,126.0,269.0,209.0,169.0,312.0,332.0,224.0,1895.0,61.0,77.0,108.0,100.0,91.0,114.0,119.0,164.0,263.0,125.0,169.0,265.0,306.0,210.0,183.0,1741.0,140.0,121.0,103.0,108.0,114.0,126.0,242.0,177.0,131.0,215.0,290.0,241.0,171.0,162.0,215.0,1540.0,cow
187.0,202.0,76.0,37.0,29.0,19.0,27.0,24.0,33.0,27.0,64.0,139.0,261.0,250.0,266.0,2455.0,187.0,202.0,76.0,37.0,29.0,19.0,27.0,24.0,33.0,27.0,64.0,139.0,261.0,250.0,266.0,2455.0,187.0,202.0,76.0,37.0,29.0,19.0,27.0,24.0,33.0,27.0,64.0,139.0,261.0,250.0,266.0,2455.0,cow
16.0,54.0,55.0,60.0,51.0,50.0,51.0,60.0,49.0,64.0,77.0,84.0,116.0,122.0,118.0,3069.0,104.0,70.0,58.0,44.0,45.0,50.0,55.0,54.0,71.0,93.0,98.0,101.0,102.0,106.0,104.0,2941.0,153.0,71.0,46.0,53.0,52.0,57.0,64.0,97.0,88.0,97.0,76.0,101.0,85.0,76.0,154.0,2826.0,cow
387.0,341.0,355.0,492.0,123.0,42.0,46.0,48.0,68.0,53.0,64.0,102.0,112.0,107.0,214.0,1542.0,594.0,377.0,504.0,196.0,56.0,46.0,58.0,49.0,67.0,62.0,82.0,112.0,107.0,175.0,196.0,1415.0,555.0,360.0,401.0,368.0,60.0,45.0,53.0,56.0,71.0,80.0,100.0,161.0,171.0,151.0,159.0,1305.0,cow
48.0,98.0,107.0,97.0,89.0,96.0,93.0,95.0,97.0,129.0,172.0,157.0,197.0,195.0,197.0,2229.0,90.0,107.0,94.0,94.0,97.0,104.0,102.0,103.0,106.0,173.0,145.0,188.0,161.0,190.0,169.0,2173.0,112.0,104.0,109.0,95.0,113.0,110.0,109.0,117.0,136.0,161.0,169.0,154.0,182.0,149.0,198.0,2078.0,cow
0.0,2.0,1.0,3.0,23.0,24.0,37.0,47.0,80.0,97.0,106.0,136.0,122.0,105.0,122.0,3191.0,0.0,2.0,8.0,25.0,44.0,62.0,70.0,109.0,108.0,113.0,89.0,78.0,93.0,72.0,103.0,3120.0,11.0,35.0,47.0,73.0,109.0,83.0,95.0,77.0,64.0,74.0,67.0,79.0,70.0,71.0,145.0,2996.0,cow
17.0,27.0,64.0,119.0,118.0,120.0,104.0,137.0,108.0,84.0,79.0,62.0,52.0,101.0,508.0,2396.0,24.0,61.0,128.0,127.0,95.0,127.0,94.0,98.0,94.0,78.0,56.0,70.0,56.0,91.0,501.0,2396.0,103.0,109.0,127.0,111.0,94.0,91.0,82.0,81.0,86.0,67.0,65.0,68.0,55.0,92.0,554.0,2311.0,cow
0.0,4.0,19.0,56.0,134.0,186.0,346.0,407.0,339.0,215.0,154.0,100.0,82.0,67.0,74.0,1913.0,4.0,31.0,127.0,302.0,465.0,389.0,236.0,159.0,104.0,70.0,79.0,68.0,60.0,63.0,66.0,1873.0,71.0,400.0,559.0,366.0,211.0,101.0,65.0,81.0,71.0,58.0,55.0,46.0,62.0,57.0,180.0,1713.0,cow
84.0,188.0,180.0,97.0,82.0,59.0,46.0,60.0,53.0,47.0,40.0,54.0,56.0,83.0,832.0,2135.0,162.0,187.0,151.0,101.0,67.0,48.0,54.0,52.0,60.0,39.0,49.0,41.0,69.0,98.0,866.0,2052.0,156.0,192.0,170.0,103.0,56.0,59.0,53.0,54.0,59.0,44.0,38.0,61.0,89.0,95.0,929.0,1938.0,cow
225.0,127.0,67.0,30.0,27.0,34.0,43.0,44.0,59.0,73.0,77.0,108.0,119.0,132.0,195.0,2736.0,223.0,130.0,67.0,35.0,30.0,40.0,45.0,53.0,66.0,74.0,82.0,119.0,112.0,119.0,182.0,2719.0,223.0,131.0,70.0,38.0,33.0,35.0,52.0,57.0,68.0,74.0,96.0,110.0,115.0,118.0,189.0,2687.0,cow
3.0,7.0,11.0,18.0,29.0,33.0,36.0,37.0,38.0,37.0,37.0,25.0,30.0,32.0,859.0,2864.0,5.0,9.0,19.0,21.0,37.0,27.0,44.0,41.0,35.0,27.0,33.0,25.0,30.0,30.0,883.0,2830.0,17.0,19.0,23.0,31.0,37.0,35.0,37.0,34.0,32.0,18.0,31.0,34.0,19.0,41.0,912.0,2776.0,sheep
0.0,1.0,4.0,13.0,30.0,58.0,89.0,112.0,160.0,131.0,121.0,88.0,104.0,84.0,76.0,3025.0,1.0,0.0,11.0,25.0,53.0,70.0,129.0,142.0,143.0,109.0,106.0,83.0,89.0,55.0,86.0,2994.0,1.0,10.0,29.0,43.0,69.0,132.0,148.0,127.0,108.0,93.0,95.0,70.0,64.0,62.0,112.0,2933.0,sheep
0.0,0.0,0.0,0.0,0.0,4.0,9.0,18.0,32.0,92.0,104.0,119.0,175.0,177.0,215.0,3151.0,0.0,0.0,0.0,0.0,1.0,7.0,16.0,30.0,54.0,114.0,99.0,136.0,156.0,156.0,203.0,3124.0,0.0,0.0,0.0,0.0,3.0,9.0,30.0,38.0,77.0,120.0,98.0,130.0,148.0,157.0,218.0,3068.0,sheep
0.0,0.0,1.0,1.0,3.0,29.0,144.0,237.0,146.0,90.0,113.0,92.0,139.0,182.0,352.0,2567.0,0.0,0.0,2.0,2.0,21.0,142.0,254.0,129.0,89.0,96.0,90.0,120.0,155.0,196.0,347.0,2453.0,0.0,1.0,4.0,39.0,198.0,243.0,108.0,75.0,90.0,102.0,138.0,144.0,156.0,121.0,450.0,2227.0,sheep
180.0,132.0,51.0,64.0,120.0,161.0,177.0,146.0,186.0,116.0,65.0,57.0,50.0,55.0,724.0,1812.0,189.0,132.0,65.0,104.0,162.0,179.0,124.0,146.0,149.0,86.0,68.0,56.0,55.0,53.0,742.0,1786.0,205.0,156.0,135.0,181.0,179.0,124.0,140.0,124.0,74.0,62.0,49.0,51.0,53.0,67.0,773.0,1723.0,sheep
3.0,1.0,0.0,4.0,9.0,14.0,26.0,29.0,53.0,66.0,94.0,119.0,175.0,206.0,226.0,3071.0,3.0,1.0,3.0,9.0,11.0,27.0,35.0,56.0,80.0,108.0,120.0,135.0,177.0,200.0,145.0,2986.0,4.0,6.0,10.0,12.0,40.0,49.0,97.0,97.0,92.0,115.0,103.0,159.0,179.0,117.0,184.0,2832.0,sheep
0.0,2.0,3.0,20.0,29.0,45.0,65.0,85.0,139.0,181.0,206.0,191.0,147.0,208.0,716.0,2059.0,2.0,10.0,18.0,39.0,62.0,77.0,118.0,177.0,184.0,188.0,135.0,101.0,116.0,252.0,694.0,1923.0,22.0,30.0,59.0,78.0,132.0,164.0,202.0,135.0,129.0,88.0,77.0,91.0,128.0,284.0,751.0,1726.0,sheep
0.0,0.0,1.0,0.0,6.0,15.0,16.0,34.0,54.0,139.0,170.0,185.0,273.0,422.0,498.0,2283.0,0.0,0.0,2.0,7.0,13.0,25.0,35.0,58.0,165.0,173.0,175.0,253.0,318.0,506.0,145.0,2221.0,0.0,3.0,10.0,13.0,25.0,39.0,89.0,171.0,171.0,205.0,228.0,301.0,381.0,161.0,148.0,2151.0,sheep
1.0,5.0,14.0,67.0,116.0,133.0,126.0,117.0,111.0,141.0,137.0,112.0,119.0,175.0,1195.0,1527.0,6.0,22.0,75.0,130.0,125.0,114.0,119.0,121.0,137.0,124.0,106.0,106.0,90.0,161.0,1218.0,1442.0,31.0,80.0,140.0,133.0,113.0,109.0,143.0,141.0,108.0,109.0,86.0,75.0,62.0,200.0,1198.0,1368.0,sheep
0.0,1.0,1.0,9.0,86.0,178.0,182.0,174.0,152.0,174.0,160.0,211.0,309.0,242.0,420.0,1797.0,2.0,27.0,217.0,200.0,177.0,190.0,153.0,145.0,242.0,232.0,169.0,104.0,90.0,81.0,393.0,1674.0,45.0,192.0,288.0,232.0,215.0,220.0,236.0,172.0,136.0,90.0,70.0,79.0,59.0,95.0,529.0,1438.0,sheep
0.0,4.0,1.0,11.0,6.0,11.0,20.0,36.0,46.0,78.0,106.0,189.0,269.0,372.0,1233.0,1714.0,22.0,13.0,29.0,38.0,62.0,76.0,119.0,155.0,236.0,182.0,114.0,67.0,56.0,157.0,1251.0,1519.0,56.0,47.0,66.0,92.0,160.0,227.0,183.0,140.0,80.0,58.0,38.0,34.0,63.0,216.0,1202.0,1434.0,pig
0.0,0.0,0.0,9.0,35.0,88.0,161.0,195.0,197.0,303.0,229.0,224.0,197.0,233.0,156.0,2069.0,3.0,17.0,59.0,146.0,156.0,170.0,186.0,227.0,217.0,218.0,165.0,133.0,141.0,155.0,103.0,2000.0,48.0,146.0,200.0,182.0,200.0,193.0,213.0,201.0,137.0,125.0,117.0,143.0,91.0,87.0,199.0,1814.0,pig
0.0,0.0,0.0,0.0,1.0,0.0,1.0,2.0,1.0,0.0,6.0,4.0,24.0,50.0,199.0,3808.0,0.0,1.0,0.0,1.0,1.0,3.0,7.0,6.0,23.0,131.0,201.0,180.0,330.0,314.0,82.0,2816.0,1.0,1.0,1.0,3.0,2.0,6.0,16.0,52.0,147.0,222.0,357.0,315.0,75.0,60.0,108.0,2730.0,pig
0.0,0.0,0.0,0.0,0.0,0.0,0.0,3.0,9.0,36.0,114.0,176.0,163.0,118.0,207.0,3270.0,0.0,0.0,0.0,0.0,0.0,1.0,9.0,40.0,125.0,149.0,98.0,116.0,159.0,144.0,168.0,3087.0,0.0,0.0,0.0,0.0,0.0,2.0,11.0,81.0,153.0,129.0,97.0,111.0,152.0,129.0,176.0,3055.0,pig
0.0,0.0,1.0,3.0,9.0,24.0,39.0,89.0,147.0,160.0,176.0,144.0,154.0,187.0,432.0,2531.0,7.0,14.0,50.0,83.0,159.0,140.0,87.0,114.0,102.0,109.0,127.0,161.0,186.0,269.0,350.0,2138.0,67.0,87.0,123.0,129.0,100.0,110.0,110.0,100.0,113.0,133.0,135.0,158.0,196.0,262.0,270.0,2003.0,pig
110.0,301.0,226.0,96.0,82.0,68.0,53.0,40.0,54.0,58.0,74.0,92.0,66.0,98.0,233.0,2445.0,162.0,345.0,160.0,95.0,77.0,53.0,55.0,47.0,57.0,53.0,81.0,80.0,74.0,103.0,254.0,2400.0,109.0,301.0,222.0,93.0,74.0,75.0,53.0,42.0,48.0,61.0,60.0,89.0,70.0,88.0,182.0,2529.0,pig
0.0,0.0,1.0,4.0,8.0,30.0,50.0,52.0,63.0,74.0,88.0,127.0,131.0,231.0,334.0,2903.0,0.0,2.0,4.0,11.0,40.0,54.0,58.0,56.0,87.0,103.0,103.0,150.0,186.0,270.0,176.0,2796.0,1.0,3.0,8.0,28.0,45.0,58.0,58.0,85.0,108.0,107.0,134.0,153.0,214.0,193.0,134.0,2767.0,pig
0.0,0.0,0.0,0.0,0.0,2.0,6.0,21.0,49.0,88.0,180.0,233.0,250.0,248.0,735.0,2284.0,0.0,0.0,0.0,0.0,6.0,17.0,46.0,79.0,150.0,217.0,254.0,188.0,248.0,292.0,747.0,1852.0,0.0,0.0,0.0,1.0,6.0,21.0,50.0,88.0,164.0,238.0,216.0,209.0,229.0,272.0,948.0,1654.0,pig
0.0,2.0,19.0,11.0,14.0,28.0,55.0,93.0,150.0,196.0,299.0,437.0,754.0,840.0,171.0,1027.0,17.0,14.0,18.0,36.0,75.0,88.0,127.0,177.0,229.0,321.0,406.0,534.0,723.0,252.0,92.0,987.0,19.0,11.0,24.0,35.0,69.0,96.0,135.0,172.0,243.0,275.0,334.0,394.0,549.0,559.0,190.0,991.0,pig
0.0,0.0,1.0,1.0,5.0,9.0,30.0,62.0,66.0,71.0,78.0,88.0,86.0,156.0,267.0,3176.0,0.0,2.0,1.0,12.0,15.0,49.0,85.0,60.0,73.0,77.0,77.0,103.0,169.0,184.0,206.0,2983.0,0.0,2.0,5.0,17.0,42.0,77.0,67.0,75.0,81.0,82.0,139.0,126.0,165.0,182.0,127.0,2909.0,pig
0.0,0.0,0.0,0.0,1.0,3.0,3.0,5.0,27.0,39.0,80.0,131.0,199.0,229.0,1073.0,2306.0,0.0,0.0,0.0,1.0,0.0,4.0,2.0,6.0,33.0,50.0,102.0,164.0,221.0,255.0,1019.0,2239.0,0.0,0.0,0.0,1.0,2.0,4.0,3.0,21.0,36.0,72.0,120.0,166.0,195.0,209.0,1077.0,2190.0,goat
4.0,24.0,25.0,21.0,32.0,43.0,61.0,56.0,79.0,66.0,61.0,48.0,78.0,132.0,212.0,3154.0,24.0,24.0,38.0,43.0,58.0,54.0,56.0,69.0,56.0,52.0,44.0,60.0,95.0,177.0,183.0,3063.0,48.0,48.0,58.0,58.0,47.0,46.0,58.0,59.0,42.0,51.0,60.0,77.0,118.0,193.0,164.0,2969.0,goat
55.0,90.0,78.0,18.0,19.0,24.0,31.0,43.0,43.0,25.0,17.0,30.0,42.0,63.0,116.0,3402.0,67.0,108.0,55.0,16.0,16.0,24.0,30.0,43.0,44.0,24.0,16.0,33.0,39.0,64.0,119.0,3398.0,64.0,104.0,63.0,15.0,18.0,22.0,30.0,44.0,43.0,25.0,16.0,33.0,38.0,65.0,120.0,3396.0,goat
177.0,331.0,222.0,133.0,112.0,71.0,67.0,85.0,77.0,82.0,82.0,92.0,154.0,145.0,132.0,2134.0,140.0,360.0,245.0,116.0,120.0,78.0,76.0,80.0,84.0,77.0,86.0,95.0,134.0,148.0,128.0,2129.0,83.0,215.0,349.0,187.0,128.0,94.0,75.0,82.0,102.0,76.0,87.0,99.0,133.0,115.0,135.0,2136.0,goat
7.0,49.0,173.0,109.0,85.0,70.0,104.0,118.0,150.0,111.0,75.0,60.0,49.0,149.0,740.0,2047.0,137.0,208.0,114.0,115.0,155.0,140.0,79.0,42.0,45.0,46.0,38.0,25.0,56.0,205.0,719.0,1972.0,308.0,193.0,177.0,166.0,84.0,56.0,21.0,18.0,42.0,42.0,26.0,26.0,120.0,262.0,737.0,1818.0,goat
0.0,3.0,5.0,16.0,35.0,55.0,54.0,49.0,71.0,77.0,88.0,105.0,193.0,302.0,861.0,2182.0,3.0,7.0,32.0,54.0,53.0,46.0,69.0,79.0,83.0,127.0,181.0,264.0,346.0,269.0,616.0,1867.0,39.0,50.0,59.0,62.0,80.0,93.0,123.0,187.0,206.0,227.0,201.0,194.0,155.0,146.0,670.0,1604.0,goat
3.0,2.0,18.0,62.0,168.0,310.0,212.0,124.0,74.0,68.0,71.0,65.0,64.0,86.0,576.0,2193.0,9.0,32.0,119.0,184.0,157.0,205.0,176.0,101.0,65.0,65.0,46.0,68.0,64.0,85.0,568.0,2152.0,43.0,100.0,138.0,136.0,128.0,208.0,156.0,110.0,68.0,48.0,61.0,55.0,65.0,79.0,631.0,2070.0,goat
0.0,0.0,0.0,2.0,12.0,19.0,25.0,52.0,57.0,55.0,85.0,99.0,114.0,197.0,314.0,3065.0,0.0,0.0,8.0,17.0,28.0,31.0,51.0,47.0,85.0,91.0,108.0,130.0,189.0,268.0,310.0,2733.0,1.0,11.0,22.0,28.0,28.0,47.0,72.0,81.0,105.0,114.0,112.0,170.0,241.0,257.0,240.0,2567.0,goat
13.0,160.0,526.0,201.0,96.0,73.0,50.0,66.0,61.0,75.0,108.0,91.0,79.0,58.0,57.0,2382.0,38.0,274.0,484.0,141.0,89.0,59.0,63.0,58.0,76.0,82.0,102.0,89.0,69.0,49.0,53.0,2370.0,41.0,300.0,478.0,137.0,90.0,57.0,64.0,73.0,66.0,108.0,89.0,85.0,52.0,40.0,80.0,2336.0,goat
28.0,113.0,207.0,170.0,155.0,140.0,109.0,64.0,51.0,27.0,27.0,26.0,32.0,42.0,426.0,2479.0,32.0,133.0,199.0,157.0,165.0,137.0,114.0,62.0,42.0,27.0,23.0,29.0,29.0,45.0,431.0,2471.0,19.0,60.0,194.0,160.0,150.0,154.0,117.0,98.0,62.0,45.0,25.0,28.0,30.0,41.0,407.0,2506.0,goat
4.0,25.0,112.0,132.0,94.0,69.0,80.0,75.0,55.0,47.0,49.0,48.0,21.0,28.0,454.0,2803.0,7.0,76.0,189.0,122.0,111.0,73.0,69.0,38.0,35.0,39.0,24.0,22.0,18.0,24.0,458.0,2791.0,35.0,163.0,158.0,133.0,96.0,66.0,33.0,33.0,36.0,21.0,19.0,17.0,16.0,33.0,507.0,2730.0,chicken
0.0,0.0,0.0,9.0,19.0,50.0,69.0,123.0,180.0,156.0,145.0,145.0,98.0,71.0,54.0,2977.0,1.0,16.0,79.0,121.0,148.0,154.0,155.0,144.0,90.0,78.0,36.0,37.0,31.0,29.0,70.0,2907.0,46.0,124.0,172.0,167.0,158.0,113.0,96.0,71.0,44.0,30.0,26.0,27.0,38.0,44.0,152.0,2788.0,chicken
0.0,1.0,1.0,3.0,3.0,29.0,43.0,82.0,147.0,207.0,247.0,217.0,197.0,127.0,229.0,2563.0,3.0,4.0,29.0,49.0,54.0,158.0,204.0,236.0,167.0,189.0,111.0,74.0,64.0,119.0,211.0,2424.0,32.0,59.0,73.0,189.0,220.0,211.0,181.0,132.0,98.0,53.0,58.0,61.0,100.0,115.0,279.0,2235.0,chicken
0.0,3.0,37.0,121.0,161.0,140.0,107.0,66.0,59.0,58.0,83.0,78.0,92.0,80.0,107.0,2904.0,1.0,14.0,158.0,254.0,221.0,162.0,91.0,51.0,37.0,42.0,42.0,41.0,27.0,42.0,76.0,2837.0,1.0,79.0,231.0,248.0,179.0,117.0,62.0,57.0,44.0,42.0,39.0,37.0,30.0,47.0,120.0,2763.0,chicken
3.0,22.0,35.0,118.0,153.0,164.0,152.0,134.0,107.0,101.0,104.0,99.0,100.0,123.0,159.0,2522.0,13.0,25.0,42.0,140.0,160.0,173.0,162.0,143.0,96.0,102.0,96.0,97.0,108.0,113.0,152.0,2474.0,25.0,35.0,77.0,145.0,176.0,186.0,158.0,112.0,95.0,112.0,84.0,91.0,119.0,116.0,160.0,2405.0,chicken
1.0,3.0,11.0,41.0,113.0,113.0,87.0,40.0,52.0,38.0,24.0,18.0,17.0,29.0,1080.0,2429.0,10.0,61.0,163.0,100.0,51.0,48.0,36.0,26.0,20.0,19.0,13.0,10.0,24.0,45.0,1115.0,2355.0,73.0,156.0,112.0,54.0,44.0,32.0,24.0,17.0,15.0,13.0,13.0,22.0,37.0,94.0,1295.0,2095.0,chicken
327.0,390.0,205.0,132.0,87.0,78.0,36.0,28.0,15.0,12.0,21.0,26.0,26.0,21.0,75.0,2617.0,192.0,351.0,233.0,160.0,132.0,85.0,74.0,45.0,26.0,10.0,19.0,28.0,22.0,18.0,59.0,2642.0,268.0,273.0,194.0,133.0,114.0,109.0,73.0,67.0,53.0,24.0,28.0,20.0,22.0,18.0,60.0,2640.0,chicken
0.0,0.0,2.0,3.0,3.0,4.0,2.0,6.0,14.0,17.0,40.0,103.0,475.0,943.0,334.0,2150.0,3.0,3.0,2.0,4.0,4.0,7.0,16.0,26.0,68.0,166.0,553.0,745.0,319.0,224.0,130.0,1826.0,13.0,0.0,8.0,17.0,27.0,88.0,348.0,745.0,534.0,173.0,113.0,80.0,77.0,104.0,221.0,1548.0,chicken
0.0,0.0,1.0,1.0,16.0,36.0,79.0,126.0,109.0,136.0,227.0,311.0,156.0,62.0,403.0,2433.0,3.0,17.0,12.0,29.0,89.0,143.0,132.0,186.0,223.0,190.0,142.0,40.0,40.0,39.0,421.0,2390.0,36.0,122.0,123.0,212.0,191.0,153.0,145.0,108.0,57.0,39.0,21.0,35.0,33.0,77.0,521.0,2223.0,chicken
254.0,566.0,340.0,267.0,182.0,109.0,78.0,46.0,30.0,33.0,33.0,37.0,34.0,184.0,1652.0,251.0,261.0,508.0,315.0,253.0,191.0,135.0,93.0,76.0,34.0,38.0,38.0,36.0,38.0,274.0,1593.0,213.0,251.0,355.0,281.0,229.0,174.0,155.0,138.0,102.0,80.0,81.0,69.0,55.0,39.0,262.0,1577.0,248.0,chicken
0.0,3.0,2.0,6.0,6.0,11.0,11.0,28.0,37.0,42.0,81.0,186.0,205.0,260.0,201.0,3017.0,3.0,4.0,4.0,8.0,15.0,17.0,35.0,40.0,52.0,138.0,192.0,224.0,180.0,92.0,172.0,2920.0,9.0,4.0,9.0,25.0,30.0,36.0,65.0,105.0,164.0,184.0,209.0,109.0,63.0,88.0,292.0,2704.0,duck
15.0,19.0,59.0,24.0,21.0,13.0,14.0,16.0,16.0,31.0,64.0,81.0,95.0,139.0,207.0,3282.0,18.0,11.0,23.0,35.0,36.0,30.0,28.0,41.0,75.0,82.0,102.0,64.0,111.0,129.0,207.0,3104.0,18.0,15.0,21.0,25.0,63.0,58.0,51.0,70.0,84.0,69.0,81.0,90.0,145.0,161.0,197.0,2948.0,duck
0.0,0.0,1.0,0.0,0.0,2.0,2.0,9.0,18.0,50.0,95.0,158.0,195.0,359.0,498.0,2709.0,1.0,0.0,10.0,12.0,27.0,57.0,91.0,150.0,134.0,154.0,241.0,304.0,388.0,356.0,157.0,2014.0,11.0,38.0,69.0,115.0,182.0,224.0,267.0,364.0,375.0,156.0,88.0,92.0,69.0,97.0,211.0,1738.0,duck
8.0,23.0,35.0,49.0,62.0,87.0,96.0,134.0,133.0,119.0,100.0,107.0,101.0,87.0,80.0,2875.0,26.0,37.0,62.0,79.0,94.0,112.0,128.0,143.0,108.0,94.0,104.0,92.0,68.0,48.0,52.0,2849.0,42.0,66.0,100.0,93.0,148.0,133.0,139.0,102.0,93.0,95.0,81.0,53.0,33.0,41.0,95.0,2782.0,duck
10.0,54.0,72.0,65.0,80.0,121.0,106.0,110.0,126.0,149.0,114.0,163.0,156.0,120.0,750.0,1900.0,9.0,55.0,70.0,69.0,103.0,128.0,118.0,131.0,149.0,124.0,176.0,185.0,110.0,111.0,789.0,1769.0,29.0,63.0,75.0,100.0,121.0,131.0,148.0,163.0,134.0,151.0,166.0,126.0,83.0,104.0,843.0,1659.0,duck
96.0,159.0,169.0,124.0,116.0,116.0,133.0,105.0,93.0,139.0,94.0,76.0,62.0,68.0,95.0,2451.0,92.0,212.0,192.0,136.0,146.0,120.0,84.0,96.0,115.0,126.0,90.0,62.0,63.0,53.0,80.0,2429.0,109.0,243.0,198.0,137.0,143.0,92.0,90.0,78.0,123.0,139.0,85.0,66.0,58.0,50.0,118.0,2367.0,duck
0.0,3.0,6.0,23.0,38.0,58.0,64.0,82.0,80.0,92.0,104.0,104.0,98.0,83.0,88.0,3173.0,2.0,7.0,22.0,37.0,63.0,69.0,89.0,85.0,90.0,101.0,113.0,91.0,64.0,58.0,88.0,3117.0,9.0,26.0,41.0,62.0,57.0,103.0,83.0,82.0,110.0,106.0,85.0,59.0,45.0,56.0,151.0,3021.0,duck
1.0,9.0,19.0,45.0,61.0,80.0,82.0,98.0,115.0,86.0,97.0,99.0,79.0,72.0,96.0,3057.0,11.0,12.0,40.0,63.0,84.0,77.0,104.0,88.0,109.0,90.0,93.0,75.0,67.0,67.0,91.0,3025.0,21.0,21.0,57.0,75.0,94.0,92.0,97.0,103.0,97.0,94.0,64.0,62.0,62.0,62.0,118.0,2977.0,duck
0.0,4.0,3.0,22.0,41.0,49.0,46.0,37.0,47.0,47.0,44.0,73.0,94.0,121.0,110.0,3358.0,4.0,6.0,12.0,27.0,42.0,38.0,49.0,49.0,46.0,41.0,49.0,71.0,103.0,110.0,115.0,3334.0,8.0,5.0,20.0,36.0,29.0,62.0,45.0,41.0,43.0,42.0,49.0,71.0,111.0,111.0,139.0,3284.0,duck
284.0,100.0,62.0,58.0,56.0,64.0,88.0,118.0,109.0,92.0,105.0,99.0,96.0,87.0,96.0,2582.0,233.0,114.0,81.0,66.0,86.0,74.0,80.0,112.0,102.0,104.0,109.0,98.0,93.0,91.0,87.0,2566.0,181.0,169.0,95.0,90.0,73.0,68.0,91.0,94.0,109.0,100.0,108.0,96.0,104.0,87.0,105.0,2526.0,duck
0.0,0.0,4.0,4.0,13.0,20.0,54.0,142.0,239.0,327.0,251.0,255.0,202.0,150.0,113.0,2322.0,0.0,6.0,7.0,18.0,36.0,132.0,222.0,319.0,279.0,253.0,182.0,135.0,91.0,86.0,85.0,2245.0,5.0,10.0,16.0,58.0,143.0,245.0,282.0,311.0,226.0,155.0,134.0,79.0,75.0,66.0,125.0,2166.0,rabbit
0.0,0.0,0.0,1.0,1.0,3.0,5.0,14.0,43.0,136.0,307.0,358.0,454.0,458.0,222.0,2094.0,0.0,0.0,1.0,2.0,3.0,9.0,32.0,161.0,274.0,290.0,277.0,348.0,386.0,182.0,95.0,2036.0,1.0,5.0,5.0,21.0,117.0,230.0,279.0,265.0,235.0,294.0,303.0,151.0,64.0,76.0,207.0,1843.0,rabbit
0.0,1.0,2.0,7.0,7.0,13.0,10.0,22.0,51.0,101.0,120.0,162.0,204.0,190.0,156.0,3050.0,5.0,4.0,8.0,7.0,16.0,30.0,74.0,99.0,121.0,142.0,195.0,175.0,110.0,86.0,55.0,2969.0,15.0,11.0,22.0,60.0,90.0,121.0,125.0,151.0,147.0,134.0,89.0,68.0,38.0,46.0,130.0,2849.0,rabbit
4.0,14.0,24.0,58.0,106.0,171.0,211.0,289.0,387.0,241.0,175.0,182.0,129.0,158.0,437.0,1510.0,35.0,67.0,150.0,213.0,286.0,362.0,280.0,192.0,165.0,123.0,127.0,124.0,95.0,126.0,428.0,1323.0,119.0,220.0,384.0,413.0,283.0,236.0,150.0,129.0,110.0,106.0,83.0,74.0,82.0,133.0,470.0,1104.0,rabbit
0.0,0.0,1.0,2.0,2.0,4.0,22.0,39.0,81.0,130.0,196.0,282.0,304.0,285.0,275.0,2473.0,0.0,1.0,3.0,1.0,8.0,24.0,58.0,94.0,148.0,243.0,271.0,273.0,223.0,151.0,214.0,2384.0,4.0,1.0,12.0,24.0,56.0,99.0,173.0,220.0,213.0,228.0,161.0,163.0,132.0,93.0,283.0,2234.0,rabbit
0.0,0.0,0.0,0.0,0.0,1.0,1.0,5.0,5.0,12.0,17.0,53.0,107.0,378.0,1552.0,1965.0,0.0,0.0,0.0,0.0,0.0,1.0,3.0,4.0,10.0,23.0,43.0,60.0,130.0,409.0,1555.0,1858.0,0.0,0.0,0.0,0.0,1.0,0.0,5.0,3.0,17.0,25.0,48.0,72.0,174.0,412.0,1530.0,1809.0,rabbit
221.0,567.0,263.0,61.0,30.0,37.0,24.0,46.0,53.0,56.0,74.0,87.0,132.0,203.0,326.0,1916.0,268.0,671.0,155.0,27.0,28.0,36.0,32.0,53.0,46.0,63.0,79.0,93.0,133.0,173.0,288.0,1951.0,291.0,644.0,158.0,30.0,27.0,36.0,39.0,49.0,46.0,62.0,84.0,98.0,132.0,212.0,324.0,1864.0,rabbit
0.0,0.0,0.0,0.0,5.0,8.0,32.0,93.0,97.0,124.0,227.0,400.0,443.0,349.0,283.0,2035.0,0.0,0.0,0.0,2.0,13.0,47.0,90.0,109.0,147.0,245.0,391.0,414.0,330.0,246.0,146.0,1916.0,0.0,0.0,3.0,12.0,45.0,81.0,103.0,123.0,198.0,331.0,430.0,329.0,284.0,162.0,135.0,1860.0,rabbit
1.0,4.0,0.0,3.0,4.0,3.0,9.0,15.0,24.0,72.0,165.0,349.0,577.0,370.0,171.0,2329.0,1.0,4.0,0.0,2.0,5.0,2.0,8.0,16.0,25.0,75.0,161.0,342.0,571.0,384.0,177.0,2323.0,0.0,4.0,1.0,2.0,4.0,2.0,7.0,15.0,18.0,42.0,127.0,254.0,484.0,536.0,253.0,2347.0,rabbit
72.0,278.0,330.0,192.0,88.0,47.0,30.0,23.0,22.0,19.0,12.0,15.0,17.0,25.0,36.0,2890.0,106.0,357.0,275.0,162.0,79.0,36.0,29.0,21.0,21.0,16.0,12.0,16.0,18.0,28.0,34.0,2886.0,126.0,360.0,270.0,153.0,73.0,35.0,26.0,21.0,22.0,16.0,12.0,16.0,16.0,29.0,36.0,2885.0,rabbit
